{
    "storage_api" : "https://storage.googleapis.com",
    "tools" : [
        "python",
        "r",
        "gatk",
        "spark"
    ],
    "version_master_file" : "terra-docker-versions-new.json",
    "doc_suffix" : "versions.json",
    "gcr_image_repo" : "us.gcr.io/broad-dsp-gcr-public",
    "doc_bucket" : "gs://terra-docker-image-documentation",
    "doc_bucket_no_prefix" : "terra-docker-image-documentation",
    "image_data" : [
        {
            "name" : "anvil-rstudio-bioconductor",
            "base_label" : "R / Bioconductor",
            "tools" : [
                "python",
                "r"
            ],
            "packages" : {
                "r" : [
                    "Bioconductor",
                    "tidyverse"
                ]
            },
            "version" : "##anvil-rstudio-bioconductor-VERSION##",
            "automated_flags" : {
                "generate_docs" : true,
                "include_in_ui" : true,
                "build" : true,
                "include_in_custom_dataproc" : true,
                "include_in_custom_gce" : true
            }
        },
        {
            "name" : "anvil-rstudio-bioconductor-devel",
            "base_label" : "R / Bioconductor",
            "tools" : [
                "python",
                "r"
            ],
            "packages" : {
                "r" : [
                    "Bioconductor",
                    "tidyverse"
                ]
            },
            "version" : "##anvil-rstudio-bioconductor-devel-VERSION##",
            "automated_flags" : {
                "generate_docs" : true,
                "include_in_ui" : true,
                "build" : true,
                "include_in_custom_dataproc" : true,
                "include_in_custom_gce" : true
            }
        }
    ]
}
