{
    "python": {
        "GDAL": "3.4.1",
        "Jinja2": "3.1.2",
        "MarkupSafe": "2.1.3",
        "PyJWT": "2.8.0",
        "PyYAML": "6.0.1",
        "astroid": "3.0.1",
        "attrs": "23.1.0",
        "azure-core": "1.29.5",
        "azure-identity": "1.15.0",
        "bgzip": "0.3.5",
        "cachetools": "5.3.2",
        "certifi": "2023.7.22",
        "cffi": "1.16.0",
        "charset-normalizer": "3.3.2",
        "cli-builder": "0.1.5",
        "cmake": "3.27.7",
        "crcmod": "1.7",
        "cryptography": "41.0.5",
        "dill": "0.3.7",
        "filelock": "3.13.1",
        "firecloud": "0.16.36",
        "getm": "0.0.5",
        "google-api-core": "2.13.0",
        "google-auth": "2.23.4",
        "google-cloud-core": "2.3.3",
        "google-cloud-storage": "1.44.0",
        "google-crc32c": "1.5.0",
        "google-resumable-media": "2.6.0",
        "googleapis-common-protos": "1.61.0",
        "gs-chunked-io": "0.5.2",
        "httplib2": "0.22.0",
        "idna": "3.4",
        "isort": "5.12.0",
        "jmespath": "0.10.0",
        "joblib": "1.3.2",
        "jsonschema": "4.19.2",
        "jsonschema-specifications": "2023.7.1",
        "lit": "17.0.4",
        "mccabe": "0.7.0",
        "mpmath": "1.3.0",
        "msal": "1.25.0",
        "msal-extensions": "1.0.0",
        "networkx": "3.2.1",
        "nose": "1.3.7",
        "numpy": "1.26.1",
        "nvidia-cublas-cu11": "11.10.3.66",
        "nvidia-cuda-cupti-cu11": "11.7.101",
        "nvidia-cuda-nvrtc-cu11": "11.7.99",
        "nvidia-cuda-runtime-cu11": "11.7.99",
        "nvidia-cudnn-cu11": "8.5.0.96",
        "nvidia-cufft-cu11": "10.9.0.58",
        "nvidia-curand-cu11": "10.2.10.91",
        "nvidia-cusolver-cu11": "11.4.0.1",
        "nvidia-cusparse-cu11": "11.7.4.91",
        "nvidia-nccl-cu11": "2.14.3",
        "nvidia-nvtx-cu11": "11.7.91",
        "oauth2client": "4.1.3",
        "pandas": "2.1.2",
        "pip": "23.3.1",
        "platformdirs": "3.11.0",
        "portalocker": "2.8.2",
        "protobuf": "4.25.0",
        "pyasn1": "0.5.0",
        "pyasn1-modules": "0.3.0",
        "pycparser": "2.21",
        "pydot": "1.4.2",
        "pylint": "3.0.2",
        "pyparsing": "3.1.1",
        "python": "3.10.12",
        "python-dateutil": "2.8.2",
        "pytz": "2023.3.post1",
        "referencing": "0.30.2",
        "requests": "2.29.0",
        "rpds-py": "0.12.0",
        "rsa": "4.9",
        "scikit-learn": "1.3.2",
        "scipy": "1.11.3",
        "setuptools": "59.6.0",
        "six": "1.16.0",
        "sympy": "1.12",
        "terra-notebook-utils": "0.13.0",
        "threadpoolctl": "3.2.0",
        "tomli": "2.0.1",
        "tomlkit": "0.12.2",
        "torch": "2.0.1",
        "triton": "2.0.0",
        "typing_extensions": "4.8.0",
        "tzdata": "2023.3",
        "urllib3": "1.26.18",
        "wheel": "0.37.1"
    },
    "r": {
        "AnVIL": "1.14.0",
        "AnnotationDbi": "1.64.1",
        "AnnotationFilter": "1.26.0",
        "AnnotationHub": "3.10.0",
        "BH": "1.81.0-1",
        "Biobase": "2.62.0",
        "BiocFileCache": "2.10.1",
        "BiocGenerics": "0.48.0",
        "BiocIO": "1.12.0",
        "BiocManager": "1.30.22",
        "BiocNeighbors": "1.20.0",
        "BiocParallel": "1.36.0",
        "BiocSingular": "1.18.0",
        "BiocVersion": "3.18.0",
        "Bioconductor": "3.18",
        "Biostrings": "2.70.1",
        "DBI": "1.1.3",
        "DESeq2": "1.42.0",
        "DT": "0.30",
        "DelayedArray": "0.28.0",
        "DelayedMatrixStats": "1.24.0",
        "DiagrammeR": "1.0.10",
        "ExperimentHub": "2.10.0",
        "FNN": "1.1.3.2",
        "GenomeInfoDb": "1.38.0",
        "GenomeInfoDbData": "1.2.11",
        "GenomicAlignments": "1.38.0",
        "GenomicFeatures": "1.54.1",
        "GenomicRanges": "1.54.1",
        "IRanges": "2.36.0",
        "KEGGREST": "1.42.0",
        "Lahman": "11.0-0",
        "LearnBayes": "2.15.1",
        "MatrixGenerics": "1.14.0",
        "ProtGenerics": "1.34.0",
        "R6": "2.5.1",
        "RANN": "2.6.1",
        "RColorBrewer": "1.1-3",
        "RCurl": "1.98-1.13",
        "RMariaDB": "1.3.1",
        "RNetCDF": "2.8-1",
        "ROCR": "1.0-11",
        "RPostgres": "1.4.6",
        "RSQLite": "2.3.2",
        "RSpectra": "0.16-1",
        "Rcpp": "1.0.11",
        "RcppAnnoy": "0.0.21",
        "RcppArmadillo": "0.12.6.4.0",
        "RcppEigen": "0.3.3.9.4",
        "RcppHNSW": "0.5.0",
        "RcppProgress": "0.4.2",
        "RcppTOML": "0.2.2",
        "Rhdf5lib": "1.24.0",
        "Rhtslib": "2.4.0",
        "Ronaldo": "0.1.0",
        "Rsamtools": "2.18.0",
        "Rtsne": "0.16",
        "S4Arrays": "1.2.0",
        "S4Vectors": "0.40.1",
        "ScaledMatrix": "1.10.0",
        "Seurat": "5.0.0",
        "SeuratObject": "5.0.0",
        "ShortRead": "1.60.0",
        "SingleCellExperiment": "1.24.0",
        "SparseArray": "1.2.1",
        "SummarizedExperiment": "1.32.0",
        "TH.data": "1.1-2",
        "XML": "3.99-0.14",
        "XVector": "0.42.0",
        "abind": "1.4-5",
        "arrow": "13.0.0.1",
        "askpass": "1.2.0",
        "assertthat": "0.2.1",
        "backports": "1.4.1",
        "base64enc": "0.1-3",
        "beachmat": "2.18.0",
        "bigrquery": "1.4.2",
        "biomaRt": "2.58.0",
        "bit": "4.0.5",
        "bit64": "4.0.5",
        "bitops": "1.0-7",
        "blob": "1.2.4",
        "blogdown": "1.18",
        "bluster": "1.12.0",
        "bookdown": "0.36",
        "brew": "1.0-8",
        "brio": "1.1.3",
        "broom": "1.0.5",
        "bslib": "0.5.1",
        "caTools": "1.18.2",
        "cachem": "1.0.8",
        "callr": "3.7.3",
        "cellranger": "1.1.0",
        "classInt": "0.4-10",
        "cli": "3.6.1",
        "clipr": "0.8.0",
        "coda": "0.19-4",
        "colorspace": "2.1-0",
        "commonmark": "1.9.0",
        "conflicted": "1.2.0",
        "covr": "3.6.3",
        "cowplot": "1.1.1",
        "cpp11": "0.4.6",
        "crayon": "1.5.2",
        "credentials": "2.0.1",
        "crosstalk": "1.2.0",
        "curl": "5.1.0",
        "data.table": "1.14.8",
        "dbplyr": "2.4.0",
        "deldir": "1.0-9",
        "desc": "1.4.2",
        "devtools": "2.4.5",
        "dichromat": "2.0-0.1",
        "diffobj": "0.3.5",
        "digest": "0.6.33",
        "distill": "1.6",
        "docopt": "0.7.1",
        "dotCall64": "1.1-0",
        "downlit": "0.4.3",
        "downloader": "0.4",
        "dplyr": "1.1.3",
        "dqrng": "0.3.1",
        "dtplyr": "1.3.1",
        "duckdb": "0.9.1",
        "e1071": "1.7-13",
        "edgeR": "4.0.1",
        "ellipsis": "0.3.2",
        "ensembldb": "2.26.0",
        "evaluate": "0.22",
        "expm": "0.999-7",
        "fansi": "1.0.5",
        "farver": "2.1.1",
        "fastDummies": "1.7.3",
        "fastmap": "1.1.1",
        "filelock": "1.0.2",
        "fitdistrplus": "1.1-11",
        "fontawesome": "0.5.2",
        "forcats": "1.0.0",
        "formatR": "1.14",
        "fs": "1.6.3",
        "fst": "0.9.8",
        "fstcore": "0.9.14",
        "futile.logger": "1.4.3",
        "futile.options": "1.0.1",
        "future": "1.33.0",
        "future.apply": "1.11.0",
        "gargle": "1.5.2",
        "generics": "0.1.3",
        "geoR": "1.9-2",
        "geojsonsf": "2.0.3",
        "geometries": "0.2.3",
        "geosphere": "1.5-18",
        "gert": "2.0.0",
        "ggplot2": "3.4.4",
        "ggrepel": "0.9.4",
        "ggridges": "0.5.4",
        "gh": "1.4.0",
        "gitcreds": "0.1.2",
        "globals": "0.16.2",
        "glue": "1.6.2",
        "goftest": "1.2-3",
        "googleAuthR": "2.0.1",
        "googleCloudStorageR": "0.7.0",
        "googledrive": "2.1.1",
        "googlesheets4": "1.1.1",
        "gplots": "3.1.3",
        "gridExtra": "2.3",
        "gstat": "2.1-1",
        "gtable": "0.3.4",
        "gtools": "3.9.4",
        "haven": "2.5.3",
        "hdf5r": "1.3.8",
        "here": "1.0.1",
        "highr": "0.10",
        "hms": "1.1.3",
        "htmltools": "0.5.6.1",
        "htmlwidgets": "1.6.2",
        "httpuv": "1.6.12",
        "httr": "1.4.7",
        "httr2": "0.2.3",
        "hwriter": "1.3.2.1",
        "ica": "1.0-3",
        "ids": "1.0.1",
        "igraph": "1.5.1",
        "ini": "0.3.1",
        "interactiveDisplayBase": "1.40.0",
        "interp": "1.1-4",
        "intervals": "0.15.4",
        "irlba": "2.3.5.1",
        "isoband": "0.2.7",
        "jpeg": "0.1-10",
        "jquerylib": "0.1.4",
        "jsonify": "1.2.2",
        "jsonlite": "1.8.7",
        "knitr": "1.44",
        "labeling": "0.4.3",
        "lambda.r": "1.2.4",
        "later": "1.3.1",
        "latticeExtra": "0.6-30",
        "lazyeval": "0.2.2",
        "leafem": "0.2.3",
        "leaflet": "2.2.0",
        "leaflet.providers": "2.0.0",
        "leafpop": "0.1.0",
        "leafsync": "0.1.0",
        "leiden": "0.4.3",
        "lidR": "4.0.4",
        "lifecycle": "1.0.3",
        "limma": "3.58.1",
        "listenv": "0.9.0",
        "littler": "0.3.18",
        "lmtest": "0.9-40",
        "locfit": "1.5-9.8",
        "lubridate": "1.9.3",
        "lwgeom": "0.2-13",
        "magrittr": "2.0.3",
        "mapdata": "2.3.1",
        "maps": "3.4.1",
        "mapview": "2.11.2",
        "markdown": "1.11",
        "matrixStats": "1.0.0",
        "memoise": "2.0.1",
        "metapod": "1.10.0",
        "mime": "0.12",
        "miniUI": "0.1.1.1",
        "modelr": "0.1.11",
        "multcomp": "1.4-25",
        "munsell": "0.5.0",
        "mvtnorm": "1.2-3",
        "ncdf4": "1.21",
        "ncmeta": "0.3.5",
        "nycflights13": "1.0.2",
        "openssl": "2.1.1",
        "packrat": "0.9.2",
        "parallelly": "1.36.0",
        "patchwork": "1.1.3",
        "pbapply": "1.7-2",
        "pillar": "1.9.0",
        "pkgbuild": "1.4.2",
        "pkgconfig": "2.0.3",
        "pkgdown": "2.0.7",
        "pkgload": "1.3.3",
        "plogr": "0.2.0",
        "plotly": "4.10.3",
        "plyr": "1.8.9",
        "png": "0.1-8",
        "polyclip": "1.10-6",
        "praise": "1.0.0",
        "preprocessCore": "1.64.0",
        "prettyunits": "1.2.0",
        "processx": "3.8.2",
        "profvis": "0.3.8",
        "progress": "1.2.2",
        "progressr": "0.14.0",
        "proj4": "1.0-13",
        "promises": "1.2.1",
        "proxy": "0.4-27",
        "ps": "1.7.5",
        "purrr": "1.0.2",
        "r": "4.3.2",
        "r2d3": "0.2.6",
        "rJava": "1.0-6",
        "ragg": "1.2.6",
        "rapiclient": "0.1.3",
        "rapidjsonr": "1.2.0",
        "rappdirs": "0.3.3",
        "raster": "3.6-26",
        "rcmdcheck": "1.4.0",
        "readr": "2.1.4",
        "readxl": "1.4.3",
        "redland": "1.0.17-17",
        "rematch": "2.0.0",
        "rematch2": "2.1.2",
        "remotes": "2.4.2.1",
        "renv": "1.0.3",
        "reprex": "2.0.2",
        "reshape2": "1.4.4",
        "restfulr": "0.0.15",
        "reticulate": "1.34.0",
        "rex": "1.2.1",
        "rgl": "1.2.1",
        "rhdf5": "2.46.0",
        "rhdf5filters": "1.14.0",
        "rjson": "0.2.21",
        "rlang": "1.1.1",
        "rlas": "1.6.3",
        "rmarkdown": "2.25",
        "roxygen2": "7.2.3",
        "rprojroot": "2.0.3",
        "rsconnect": "1.1.1",
        "rstudioapi": "0.15.0",
        "rsvd": "1.0.5",
        "rticles": "0.25",
        "rtracklayer": "1.62.0",
        "rversions": "2.1.2",
        "rvest": "1.0.3",
        "s2": "1.1.4",
        "sandwich": "3.0-2",
        "sass": "0.4.7",
        "satellite": "1.0.4",
        "scRNAseq": "2.16.0",
        "scales": "1.2.1",
        "scattermore": "1.2",
        "scran": "1.30.0",
        "sctransform": "0.4.1",
        "scuttle": "1.12.0",
        "selectr": "0.4-2",
        "servr": "0.27",
        "sessioninfo": "1.2.2",
        "sf": "1.0-14",
        "sfarrow": "0.4.1",
        "sfheaders": "0.4.3",
        "sftime": "0.2-0",
        "shiny": "1.7.5.1",
        "sitmo": "2.0.2",
        "snow": "0.4-4",
        "sourcetools": "0.1.7-1",
        "sp": "2.1-1",
        "spData": "2.3.0",
        "spacetime": "1.3-0",
        "spam": "2.10-0",
        "sparseMatrixStats": "1.14.0",
        "spatialreg": "1.2-9",
        "spatstat": "3.0-6",
        "spatstat.data": "3.0-3",
        "spatstat.explore": "3.2-5",
        "spatstat.geom": "3.2-7",
        "spatstat.linnet": "3.1-3",
        "spatstat.model": "3.2-8",
        "spatstat.random": "3.2-1",
        "spatstat.sparse": "3.0-3",
        "spatstat.utils": "3.0-4",
        "spdep": "1.2-8",
        "splancs": "2.01-44",
        "stars": "0.6-4",
        "statmod": "1.5.0",
        "stringi": "1.7.12",
        "stringr": "1.5.0",
        "svglite": "2.1.2",
        "sys": "3.4.2",
        "systemfonts": "1.0.5",
        "tensor": "1.5",
        "terra": "1.7-55",
        "testit": "0.13",
        "testthat": "3.2.0",
        "textshaping": "0.3.7",
        "tibble": "3.2.1",
        "tidync": "0.3.0",
        "tidyr": "1.3.0",
        "tidyselect": "1.2.0",
        "tidyverse": "2.0.0",
        "timechange": "0.2.0",
        "tinytex": "0.48",
        "tmap": "3.3-4",
        "tmaptools": "3.1-1",
        "tufte": "0.13",
        "tzdb": "0.4.0",
        "units": "0.8-4",
        "urlchecker": "1.0.1",
        "usethis": "2.2.2",
        "utf8": "1.2.4",
        "uuid": "1.1-1",
        "uwot": "0.1.16",
        "vctrs": "0.6.4",
        "viridis": "0.6.4",
        "viridisLite": "0.4.2",
        "visNetwork": "2.1.2",
        "vroom": "1.6.4",
        "waldo": "0.5.1",
        "webshot": "0.5.5",
        "whisker": "0.4.1",
        "whoami": "1.3.0",
        "widgetframe": "0.3.1",
        "withr": "2.5.1",
        "wk": "0.9.0",
        "xaringan": "0.28",
        "xfun": "0.40",
        "xml2": "1.3.5",
        "xopen": "1.0.0",
        "xtable": "1.8-4",
        "xts": "0.13.1",
        "yaml": "2.3.7",
        "zip": "2.3.0",
        "zlibbioc": "1.48.0",
        "zoo": "1.8-12"
    }
}