{
    "python": {
        "GDAL": "3.4.1", 
        "PyJWT": "2.7.0", 
        "PyYAML": "6.0", 
        "astroid": "2.15.5", 
        "attrs": "23.1.0", 
        "azure-core": "1.26.4", 
        "azure-identity": "1.13.0", 
        "bgzip": "0.3.5", 
        "cachetools": "5.3.0", 
        "certifi": "2023.5.7", 
        "cffi": "1.15.1", 
        "charset-normalizer": "3.1.0", 
        "cli-builder": "0.1.5", 
        "crcmod": "1.7", 
        "cryptography": "40.0.2", 
        "dill": "0.3.6", 
        "firecloud": "0.16.35", 
        "getm": "0.0.5", 
        "google-api-core": "2.11.0", 
        "google-auth": "2.19.0", 
        "google-cloud-core": "2.3.2", 
        "google-cloud-storage": "1.44.0", 
        "google-crc32c": "1.5.0", 
        "google-resumable-media": "2.5.0", 
        "googleapis-common-protos": "1.59.0", 
        "gs-chunked-io": "0.5.2", 
        "httplib2": "0.22.0", 
        "idna": "3.4", 
        "isort": "5.12.0", 
        "jmespath": "0.10.0", 
        "joblib": "1.2.0", 
        "jsonschema": "4.17.3", 
        "lazy-object-proxy": "1.9.0", 
        "mccabe": "0.7.0", 
        "msal": "1.22.0", 
        "msal-extensions": "1.0.0", 
        "nose": "1.3.7", 
        "numpy": "1.21.5", 
        "oauth2client": "4.1.3", 
        "pandas": "2.0.1", 
        "pip": "23.1.2", 
        "platformdirs": "3.5.1", 
        "portalocker": "2.7.0", 
        "protobuf": "4.23.2", 
        "pyasn1": "0.5.0", 
        "pyasn1-modules": "0.3.0", 
        "pycparser": "2.21", 
        "pydot": "1.4.2", 
        "pylint": "2.17.4", 
        "pyparsing": "3.0.9", 
        "pyrsistent": "0.19.3", 
        "python": "3.10.6", 
        "python-dateutil": "2.8.2", 
        "pytz": "2023.3", 
        "requests": "2.29.0", 
        "rsa": "4.9", 
        "scikit-learn": "1.2.2", 
        "scipy": "1.10.1", 
        "setuptools": "59.6.0", 
        "six": "1.16.0", 
        "terra-notebook-utils": "0.12.0", 
        "threadpoolctl": "3.1.0", 
        "tomli": "2.0.1", 
        "tomlkit": "0.11.8", 
        "typing_extensions": "4.6.2", 
        "tzdata": "2023.3", 
        "urllib3": "1.26.16", 
        "wheel": "0.37.1", 
        "wrapt": "1.15.0"
    }, 
    "r": {
        "AnVIL": "1.12.1", 
        "AnnotationDbi": "1.62.1", 
        "AnnotationFilter": "1.24.0", 
        "AnnotationHub": "3.8.0", 
        "BH": "1.81.0-1", 
        "Biobase": "2.60.0", 
        "BiocFileCache": "2.8.0", 
        "BiocGenerics": "0.46.0", 
        "BiocIO": "1.10.0", 
        "BiocManager": "1.30.20", 
        "BiocNeighbors": "1.18.0", 
        "BiocParallel": "1.34.2", 
        "BiocSingular": "1.16.0", 
        "BiocVersion": "3.17.1", 
        "Bioconductor": "3.17", 
        "Biostrings": "2.68.1", 
        "DBI": "1.1.3", 
        "DESeq2": "1.40.1", 
        "DT": "0.28", 
        "DelayedArray": "0.26.3", 
        "DelayedMatrixStats": "1.22.0", 
        "DiagrammeR": "1.0.9", 
        "ExperimentHub": "2.8.0", 
        "FNN": "1.1.3.2", 
        "GenomeInfoDb": "1.36.0", 
        "GenomeInfoDbData": "1.2.10", 
        "GenomicAlignments": "1.36.0", 
        "GenomicFeatures": "1.52.0", 
        "GenomicRanges": "1.52.0", 
        "IRanges": "2.34.0", 
        "KEGGREST": "1.40.0", 
        "Lahman": "10.0-1", 
        "LearnBayes": "2.15.1", 
        "MatrixGenerics": "1.12.0", 
        "ProtGenerics": "1.32.0", 
        "R6": "2.5.1", 
        "RANN": "2.6.1", 
        "RColorBrewer": "1.1-3", 
        "RCurl": "1.98-1.12", 
        "RMariaDB": "1.2.2", 
        "RNetCDF": "2.6-2", 
        "ROCR": "1.0-11", 
        "RPostgres": "1.4.5", 
        "RSQLite": "2.3.1", 
        "Rcpp": "1.0.10", 
        "RcppAnnoy": "0.0.20", 
        "RcppArmadillo": "0.12.2.0.0", 
        "RcppEigen": "0.3.3.9.3", 
        "RcppHNSW": "0.4.1", 
        "RcppProgress": "0.4.2", 
        "RcppTOML": "0.2.2", 
        "Rhdf5lib": "1.22.0", 
        "Rhtslib": "2.2.0", 
        "Ronaldo": "0.1.0", 
        "Rsamtools": "2.16.0", 
        "Rtsne": "0.16", 
        "S4Arrays": "1.0.4", 
        "S4Vectors": "0.38.1", 
        "ScaledMatrix": "1.8.1", 
        "Seurat": "4.3.0", 
        "SeuratObject": "4.1.3", 
        "ShortRead": "1.58.0", 
        "SingleCellExperiment": "1.22.0", 
        "SummarizedExperiment": "1.30.1", 
        "XML": "3.99-0.14", 
        "XVector": "0.40.0", 
        "abind": "1.4-5", 
        "arrow": "11.0.0.3", 
        "askpass": "1.1", 
        "assertthat": "0.2.1", 
        "backports": "1.4.1", 
        "base64enc": "0.1-3", 
        "beachmat": "2.16.0", 
        "bigrquery": "1.4.2", 
        "biomaRt": "2.56.0", 
        "bit": "4.0.5", 
        "bit64": "4.0.5", 
        "bitops": "1.0-7", 
        "blob": "1.2.4", 
        "blogdown": "1.16", 
        "bluster": "1.10.0", 
        "bookdown": "0.33", 
        "brew": "1.0-8", 
        "brio": "1.1.3", 
        "broom": "1.0.4", 
        "bslib": "0.4.2", 
        "caTools": "1.18.2", 
        "cachem": "1.0.7", 
        "callr": "3.7.3", 
        "cellranger": "1.1.0", 
        "classInt": "0.4-9", 
        "cli": "3.6.1", 
        "clipr": "0.8.0", 
        "coda": "0.19-4", 
        "colorspace": "2.1-0", 
        "commonmark": "1.9.0", 
        "conflicted": "1.2.0", 
        "covr": "3.6.2", 
        "cowplot": "1.1.1", 
        "cpp11": "0.4.3", 
        "crayon": "1.5.2", 
        "credentials": "1.3.2", 
        "crosstalk": "1.2.0", 
        "curl": "5.0.0", 
        "data.table": "1.14.8", 
        "dbplyr": "2.3.2", 
        "deldir": "1.0-6", 
        "desc": "1.4.2", 
        "devtools": "2.4.5", 
        "dichromat": "2.0-0.1", 
        "diffobj": "0.3.5", 
        "digest": "0.6.31", 
        "distill": "1.5", 
        "docopt": "0.7.1", 
        "downlit": "0.4.2", 
        "downloader": "0.4", 
        "dplyr": "1.1.2", 
        "dqrng": "0.3.0", 
        "dtplyr": "1.3.1", 
        "duckdb": "0.7.1-1", 
        "e1071": "1.7-13", 
        "edgeR": "3.42.2", 
        "ellipsis": "0.3.2", 
        "ensembldb": "2.24.0", 
        "evaluate": "0.20", 
        "expm": "0.999-7", 
        "fansi": "1.0.4", 
        "farver": "2.1.1", 
        "fastmap": "1.1.1", 
        "filelock": "1.0.2", 
        "fitdistrplus": "1.1-11", 
        "fontawesome": "0.5.1", 
        "forcats": "1.0.0", 
        "formatR": "1.14", 
        "fs": "1.6.2", 
        "fst": "0.9.8", 
        "fstcore": "0.9.14", 
        "futile.logger": "1.4.3", 
        "futile.options": "1.0.1", 
        "future": "1.32.0", 
        "future.apply": "1.11.0", 
        "gargle": "1.4.0", 
        "generics": "0.1.3", 
        "geoR": "1.9-2", 
        "geojsonsf": "2.0.3", 
        "geometries": "0.2.2", 
        "geosphere": "1.5-18", 
        "gert": "1.9.2", 
        "ggplot2": "3.4.2", 
        "ggrepel": "0.9.3", 
        "ggridges": "0.5.4", 
        "gh": "1.4.0", 
        "gitcreds": "0.1.2", 
        "globals": "0.16.2", 
        "glue": "1.6.2", 
        "goftest": "1.2-3", 
        "googleAuthR": "2.0.1", 
        "googleCloudStorageR": "0.7.0", 
        "googledrive": "2.1.0", 
        "googlesheets4": "1.1.0", 
        "gplots": "3.1.3", 
        "gridExtra": "2.3", 
        "gstat": "2.1-1", 
        "gtable": "0.3.3", 
        "gtools": "3.9.4", 
        "haven": "2.5.2", 
        "hdf5r": "1.3.8", 
        "here": "1.0.1", 
        "highr": "0.10", 
        "hms": "1.1.3", 
        "htmltools": "0.5.5", 
        "htmlwidgets": "1.6.2", 
        "httpuv": "1.6.9", 
        "httr": "1.4.6", 
        "httr2": "0.2.2", 
        "hwriter": "1.3.2.1", 
        "ica": "1.0-3", 
        "ids": "1.0.1", 
        "igraph": "1.4.2", 
        "influenceR": "0.1.0.1", 
        "ini": "0.3.1", 
        "interactiveDisplayBase": "1.38.0", 
        "interp": "1.1-4", 
        "intervals": "0.15.3", 
        "irlba": "2.3.5.1", 
        "isoband": "0.2.7", 
        "jpeg": "0.1-10", 
        "jquerylib": "0.1.4", 
        "jsonify": "1.2.2", 
        "jsonlite": "1.8.4", 
        "knitr": "1.42", 
        "labeling": "0.4.2", 
        "lambda.r": "1.2.4", 
        "later": "1.3.0", 
        "latticeExtra": "0.6-30", 
        "lazyeval": "0.2.2", 
        "leafem": "0.2.0", 
        "leaflet": "2.1.2", 
        "leaflet.providers": "1.9.0", 
        "leafpop": "0.1.0", 
        "leafsync": "0.1.0", 
        "leiden": "0.4.3", 
        "lidR": "4.0.3", 
        "lifecycle": "1.0.3", 
        "limma": "3.56.1", 
        "listenv": "0.9.0", 
        "littler": "0.3.18", 
        "lmtest": "0.9-40", 
        "locfit": "1.5-9.7", 
        "lubridate": "1.9.2", 
        "lwgeom": "0.2-11", 
        "magrittr": "2.0.3", 
        "mapdata": "2.3.1", 
        "maps": "3.4.1", 
        "maptools": "1.1-6", 
        "mapview": "2.11.0", 
        "markdown": "1.7", 
        "matrixStats": "0.63.0", 
        "memoise": "2.0.1", 
        "metapod": "1.8.0", 
        "mime": "0.12", 
        "miniUI": "0.1.1.1", 
        "modelr": "0.1.11", 
        "munsell": "0.5.0", 
        "ncdf4": "1.21", 
        "ncmeta": "0.3.5", 
        "nycflights13": "1.0.2", 
        "openssl": "2.0.6", 
        "packrat": "0.9.1", 
        "parallelly": "1.35.0", 
        "patchwork": "1.1.2", 
        "pbapply": "1.7-0", 
        "pillar": "1.9.0", 
        "pkgbuild": "1.4.0", 
        "pkgconfig": "2.0.3", 
        "pkgdown": "2.0.7", 
        "pkgload": "1.3.2", 
        "plogr": "0.2.0", 
        "plotly": "4.10.1", 
        "plyr": "1.8.8", 
        "png": "0.1-8", 
        "polyclip": "1.10-4", 
        "praise": "1.0.0", 
        "prettyunits": "1.1.1", 
        "processx": "3.8.1", 
        "profvis": "0.3.7", 
        "progress": "1.2.2", 
        "progressr": "0.13.0", 
        "proj4": "1.0-12", 
        "promises": "1.2.0.1", 
        "proxy": "0.4-27", 
        "ps": "1.7.5", 
        "purrr": "1.0.1", 
        "r": "4.3.0", 
        "r2d3": "0.2.6", 
        "rJava": "1.0-6", 
        "ragg": "1.2.5", 
        "rapiclient": "0.1.3", 
        "rapidjsonr": "1.2.0", 
        "rappdirs": "0.3.3", 
        "raster": "3.6-20", 
        "rcmdcheck": "1.4.0", 
        "readr": "2.1.4", 
        "readxl": "1.4.2", 
        "redland": "1.0.17-16", 
        "rematch": "1.0.1", 
        "rematch2": "2.1.2", 
        "remotes": "2.4.2", 
        "reprex": "2.0.2", 
        "reshape2": "1.4.4", 
        "restfulr": "0.0.15", 
        "reticulate": "1.28", 
        "rex": "1.2.1", 
        "rgdal": "1.6-6", 
        "rgeos": "0.6-2", 
        "rgl": "1.1.3", 
        "rhdf5": "2.44.0", 
        "rhdf5filters": "1.12.1", 
        "rjson": "0.2.21", 
        "rlang": "1.1.1", 
        "rlas": "1.6.3", 
        "rmarkdown": "2.21", 
        "rmdshower": "2.1.1", 
        "roxygen2": "7.2.3", 
        "rprojroot": "2.0.3", 
        "rsconnect": "0.8.29", 
        "rstudioapi": "0.14", 
        "rsvd": "1.0.5", 
        "rticles": "0.24", 
        "rtracklayer": "1.60.0", 
        "rversions": "2.1.2", 
        "rvest": "1.0.3", 
        "s2": "1.1.3", 
        "sass": "0.4.5", 
        "satellite": "1.0.4", 
        "scRNAseq": "2.14.0", 
        "scales": "1.2.1", 
        "scattermore": "1.1", 
        "scran": "1.28.1", 
        "sctransform": "0.3.5", 
        "scuttle": "1.10.1", 
        "selectr": "0.4-2", 
        "servr": "0.26", 
        "sessioninfo": "1.2.2", 
        "sf": "1.0-12", 
        "sfheaders": "0.4.2", 
        "sftime": "0.2-0", 
        "shiny": "1.7.4", 
        "sitmo": "2.0.2", 
        "snow": "0.4-4", 
        "sourcetools": "0.1.7-1", 
        "sp": "1.6-0", 
        "spData": "2.2.2", 
        "spacetime": "1.3-0", 
        "sparseMatrixStats": "1.12.0", 
        "spatialreg": "1.2-8", 
        "spatstat": "3.0-5", 
        "spatstat.data": "3.0-1", 
        "spatstat.explore": "3.1-0", 
        "spatstat.geom": "3.1-0", 
        "spatstat.linnet": "3.1-0", 
        "spatstat.model": "3.2-3", 
        "spatstat.random": "3.1-4", 
        "spatstat.sparse": "3.0-1", 
        "spatstat.utils": "3.0-2", 
        "spdep": "1.2-8", 
        "splancs": "2.01-43", 
        "stars": "0.6-1", 
        "statmod": "1.5.0", 
        "stringi": "1.7.12", 
        "stringr": "1.5.0", 
        "svglite": "2.1.1", 
        "sys": "3.4.2", 
        "systemfonts": "1.0.4", 
        "tensor": "1.5", 
        "terra": "1.7-29", 
        "testit": "0.13", 
        "testthat": "3.1.7", 
        "textshaping": "0.3.6", 
        "tibble": "3.2.1", 
        "tidync": "0.3.0", 
        "tidyr": "1.3.0", 
        "tidyselect": "1.2.0", 
        "tidyverse": "2.0.0", 
        "timechange": "0.2.0", 
        "tinytex": "0.45", 
        "tmap": "3.3-3", 
        "tmaptools": "3.1-1", 
        "tufte": "0.12", 
        "tzdb": "0.3.0", 
        "units": "0.8-2", 
        "urlchecker": "1.0.1", 
        "usethis": "2.1.6", 
        "utf8": "1.2.3", 
        "uuid": "1.1-0", 
        "uwot": "0.1.14", 
        "vctrs": "0.6.2", 
        "viridis": "0.6.2", 
        "viridisLite": "0.4.1", 
        "visNetwork": "2.1.2", 
        "vroom": "1.6.3", 
        "waldo": "0.4.0", 
        "webshot": "0.5.4", 
        "whisker": "0.4.1", 
        "whoami": "1.3.0", 
        "widgetframe": "0.3.1", 
        "withr": "2.5.0", 
        "wk": "0.7.2", 
        "xaringan": "0.28", 
        "xfun": "0.39", 
        "xml2": "1.3.4", 
        "xopen": "1.0.0", 
        "xtable": "1.8-4", 
        "xts": "0.13.1", 
        "yaml": "2.3.7", 
        "zip": "2.3.0", 
        "zlibbioc": "1.46.0", 
        "zoo": "1.8-12"
    }
}